{
  "scramjet_clean": {
    "mach_freestream": 6.0,
    "altitude_m": 25000.0,
    "T_inf_K": 216.64999999999998,
    "p_inf_Pa": 2486.918638664724,
    "rho_inf_kg_m3": 0.03999640774293907,
    "u_inf_m_s": 1770.2539139908713,
    "wall_time_s": 71.01356196403503,
    "n_cells": 1280,
    "n_steps": 1500,
    "final_time_s": 0.0027056565045800447,
    "M_exit": 5.588248226978215,
    "M_max": 7.1789857135949635,
    "M_min": 5.31386992046986,
    "p_max_Pa": 3187.3266832079526,
    "p_min_Pa": 1770.9413709997075,
    "T_max_K": 264.9902605469747,
    "T_min_K": 157.61579986262595,
    "thrust_N_per_m": 6016.491740384784,
    "Isp_s": 86.64950754509827,
    "pressure_recovery": 1.1343583705569216,
    "mdot_kg_s_per_m": 7.080379735251268
  },
  "scramjet_combustion": {
    "mach_freestream": 6.0,
    "altitude_m": 25000.0,
    "Yf_inlet": 0.02,
    "Arrhenius_A_pre": 1000000.0,
    "Arrhenius_Ea_J_mol": 65000.0,
    "Arrhenius_Q_heat_J_kg": 1500000.0,
    "wall_time_s": 14.988991975784302,
    "n_cells": 720,
    "n_steps": 600,
    "Yf_inlet_mean": 0.019999999999999997,
    "Yf_exit_mean": 0.020031515857754912,
    "Yf_consumed_frac": -0.001575792887745786,
    "T_inlet_mean_K": 216.65,
    "T_exit_mean_K": 252.05914919799912,
    "delta_T_K": 35.40914919799911,
    "thrust_N_per_m": 5746.223866247351,
    "Isp_s": 82.75710991375517
  },
  "rom": {
    "n_training_snapshots": 9,
    "n_modes": 8,
    "energy_threshold": 0.999,
    "mean_full_solver_s": 6.2338774469163685,
    "mean_rom_eval_s": 0.00022101402282714844,
    "speedup": 28205.800551360422,
    "wall_saving_pct_at_80pct_rom": 79.9971637039745,
    "mean_rel_err_thrust": 0.057587926839789944,
    "mean_rel_err_Isp": 0.05758792683979,
    "mean_rel_err_exit_mach": 0.022245933764292875,
    "mean_rel_err_pressure_recovery": 0.059187956304645434
  },
  "bayes_opt": {
    "total_wall_s": 44.00045990943909,
    "n_total_evals": 20,
    "n_full_evals": 7,
    "n_rom_evals": 13,
    "full_solver_wall_s": 42.4070987701416,
    "rom_wall_s": 0.004827737808227539,
    "pct_rom_evals": 65.0,
    "best_params": {
      "A_exit": 0.19854914276432978,
      "L_nozzle": 0.542242926167588,
      "L_combustor": 0.5762370863874817
    },
    "best_thrust": 11694.226589079874,
    "best_Isp": 168.42023870205796,
    "best_objective": -11778.436708430903,
    "estimated_wall_saving_pct": 64.99601550617258
  }
}