{
  "scramjet_clean": {
    "mach_freestream": 6.0,
    "altitude_m": 25000.0,
    "T_inf_K": 216.64999999999998,
    "p_inf_Pa": 2486.918638664724,
    "rho_inf_kg_m3": 0.03999640774293907,
    "u_inf_m_s": 1770.2539139908713,
    "wall_time_s": 1.9100768566131592,
    "n_cells": 1280,
    "n_steps": 1500,
    "final_time_s": 0.002697444578499738,
    "M_exit": 6.534794383053906,
    "M_max": 6.534794383053999,
    "M_min": 5.069987646778587,
    "p_max_Pa": 6793.313938123884,
    "p_min_Pa": 1452.6621859714455,
    "T_max_K": 289.2921402502872,
    "T_min_K": 186.20526781725215,
    "thrust_N_per_m": 337.8926005427402,
    "Isp_s": 4.866328867973906,
    "pressure_recovery_static_legacy": 0.5841213151836062,
    "tpr": 0.9923996674426162,
    "shock_detected": false,
    "mdot_kg_s_per_m": 7.080379735251268
  },
  "scramjet_combustion": {
    "mach_freestream": 6.0,
    "altitude_m": 25000.0,
    "Yf_inlet": 0.02,
    "Arrhenius_A_pre": 1000000.0,
    "Arrhenius_Ea_J_mol": 65000.0,
    "Arrhenius_Q_heat_J_kg": 1500000.0,
    "wall_time_s": 0.4860951900482178,
    "n_cells": 720,
    "n_steps": 600,
    "Yf_inlet_mean": 0.019999999999999997,
    "Yf_exit_mean": 0.019999999999999536,
    "Yf_consumed_frac": 2.3092638912203256e-14,
    "T_inlet_mean_K": 216.65,
    "T_exit_mean_K": 187.34217641213868,
    "delta_T_K": -29.30782358786132,
    "thrust_N_per_m": 456.4373293465045,
    "Isp_s": 6.573609924135795
  },
  "rom": {
    "n_training_snapshots": 9,
    "n_modes": 4,
    "energy_threshold": 0.999,
    "mean_full_solver_s": 0.17853816350301108,
    "mean_rom_eval_s": 4.99884287516276e-05,
    "speedup": 3571.589825119237,
    "wall_saving_pct_at_80pct_rom": 79.97760101133748,
    "mean_rel_err_thrust": 0.035653771649932664,
    "mean_rel_err_Isp": 0.03565377164993271,
    "mean_rel_err_exit_mach": 0.005497382536280723,
    "mean_rel_err_pressure_recovery": 0.03812478176711149
  },
  "bayes_opt": {
    "total_wall_s": 5.4021008014678955,
    "n_total_evals": 20,
    "n_full_evals": 6,
    "n_rom_evals": 14,
    "full_solver_wall_s": 1.1788012981414795,
    "rom_wall_s": 0.0012743473052978516,
    "pct_rom_evals": 70.0,
    "best_params": {
      "A_exit": 0.1600185835290535,
      "L_nozzle": 0.384294267710059,
      "L_combustor": 0.4547597682672338
    },
    "best_thrust": 721.8784480953243,
    "best_Isp": 10.396492629586696,
    "best_objective": -727.0766944101176,
    "estimated_wall_saving_pct": 69.96756839408032
  }
}