{
  "schema_version": 2,
  "scramjet_clean": {
    "scope": "paper-1 cold-flow baseline",
    "wall_time_s": 0.47634100914001465,
    "n_cells": 768,
    "run_status": {
      "converged": true,
      "steady_detection_enabled": true,
      "steady_rtol": 1e-06,
      "final_residual": 6.122225707326899e-09,
      "residual_history": [
        1.7579271734712414,
        1.574703814174395,
        1.1772335994570924,
        0.9050111815445309,
        0.6592328014424961,
        0.40337374132693,
        0.2452171926472767,
        0.08094155759486872,
        0.006021073410433549,
        9.25587368793308e-06,
        8.206936236133854e-07,
        6.122225707326899e-09
      ],
      "residual_steps": [
        1,
        50,
        100,
        150,
        200,
        250,
        300,
        350,
        400,
        450,
        500,
        550
      ],
      "residual_times": [
        2.1183401829322754e-06,
        0.00010474036361891506,
        0.00020786064940686293,
        0.00031003684729794987,
        0.0004117045073165477,
        0.0005132912302787563,
        0.0006153533906487564,
        0.000719718678337018,
        0.0008253770259896311,
        0.0009310797895196718,
        0.0010367825530497156,
        0.0011424853165797617
      ],
      "steady_qoi_history": [],
      "completed_time": false,
      "reached_step_cap": false,
      "steps": 550,
      "time": 0.0011424853165797617
    },
    "qoi": {
      "tpr": 0.9882974672369008,
      "shock_x": null,
      "shock_detected": false,
      "shock_at_inlet": false,
      "started": true,
      "unstart_classification": "started",
      "min_centerline_mach_contraction": 5.066020829828818,
      "exit_mach": 6.518317663700128,
      "mdot_prescribed": 7.076922518583665,
      "mdot_exit": 6.933046985050604,
      "mass_defect": -0.020330240037989743,
      "pressure_recovery": 0.5909799054440663,
      "thrust": -282.9404369137102,
      "Isp": -4.076898539871418,
      "state_admissible": true
    },
    "mach_range": [
      5.066020829828781,
      6.518317663700195
    ],
    "temperature_range_K": [
      187.0485804257132,
      289.6714630283454
    ],
    "mass_balance_gate": {
      "absolute_mass_defect_limit": 0.03,
      "role": "coarse-grid regression guard, not a grid-convergence result",
      "research_grade_target_after_grid_refinement": 0.01
    }
  },
  "extended_combustion_capability": {
    "paper_scope": false,
    "decision": "parked; revisit after cold-flow multi-fidelity loop closes",
    "wall_time_s": 0.26355719566345215,
    "fuel_range": [
      0.019999999999999456,
      0.020000000000000004
    ],
    "temperature_range_K": [
      188.57680069328336,
      290.4572218808848
    ],
    "qoi": {
      "tpr": 0.9797528931806891,
      "shock_x": null,
      "shock_detected": false,
      "shock_at_inlet": false,
      "started": true,
      "unstart_classification": "started",
      "min_centerline_mach_contraction": 5.057826784894475,
      "exit_mach": 6.488730246246208,
      "mdot_prescribed": 7.07423357228664,
      "mdot_exit": 6.8776670092804455,
      "mass_defect": -0.027786269847838396,
      "pressure_recovery": 0.6027955669683855,
      "thrust": -376.22645790306996,
      "Isp": -5.4231206102375165,
      "state_admissible": true
    }
  },
  "rom": {
    "identity": "coefficient-interpolated POD state reconstruction",
    "comparison_baseline": "direct QoI IDW",
    "training_parameters": [
      "A_exit",
      "L_nozzle"
    ],
    "n_training_snapshots": 6,
    "n_modes": 4,
    "build_time_s": 0.5996139049530029,
    "mean_full_solver_s": 0.09835433959960938,
    "validation_mean_relative_errors": {
      "pod_state": {
        "tpr": 0.012077791448260287,
        "shock_x": null,
        "min_centerline_mach_contraction": 0.0010286638990418852,
        "exit_mach": 0.009102897300635026,
        "mdot_prescribed": 0.0,
        "mdot_exit": 0.02863750953665146,
        "mass_defect": 0.6228364625981195,
        "pressure_recovery": 0.047037703291634606,
        "thrust": 0.57862715332477,
        "Isp": 0.57862715332477
      },
      "idw": {
        "tpr": 0.0024584272179226335,
        "shock_x": null,
        "min_centerline_mach_contraction": 0.00044927642918121756,
        "exit_mach": 0.005756811783548521,
        "mdot_prescribed": 1.9724091440029942e-05,
        "mdot_exit": 0.000699945798107269,
        "mass_defect": 0.015238084339311087,
        "pressure_recovery": 0.04655270181273951,
        "thrust": 0.020718955237900818,
        "Isp": 0.020722618167160773
      }
    }
  },
  "adaptive_sampling": {
    "total_session_wall_s": 1.5730440616607666,
    "objective": "maximize tpr",
    "best_params": {
      "A_exit": 0.12085926525546051,
      "L_nozzle": 0.3460599039101641
    },
    "best_qoi": {
      "tpr": 0.9868985163112236,
      "shock_x": null,
      "shock_detected": false,
      "shock_at_inlet": false,
      "started": true,
      "unstart_classification": "started",
      "min_centerline_mach_contraction": 5.095605185303319,
      "exit_mach": 6.167066293509598,
      "mdot_prescribed": 7.067766144549984,
      "mdot_exit": 6.801127739419946,
      "mass_defect": -0.037725980129612174,
      "pressure_recovery": 0.8331451557373231,
      "thrust": -478.0211244080907,
      "Isp": -6.896746167538991,
      "state_admissible": true
    },
    "best_full_verified": true,
    "all_gp_observations_full": true,
    "cost_report": {
      "n_full_optimizer": 9,
      "n_full_rom_training": 6,
      "n_rom_prescreen": 20,
      "full_optimizer_wall_s": 1.2297449111938477,
      "rom_training_wall_s": 0.5996139049530029,
      "rom_prescreen_wall_s": 0.011098861694335938,
      "total_including_training_wall_s": 1.8404576778411865,
      "standard_bo_same_full_budget_wall_s": 1.0919225692749024,
      "overhead_vs_standard_bo_pct": 68.55203195070445,
      "equivalent_top_m_full_screen_wall_s": 2.911793518066406,
      "saving_vs_equivalent_top_m_full_screen_pct": 36.792988018485815,
      "comparison_note": "ROM prescreening adds overhead versus standard one-full-candidate BO; savings apply only versus evaluating every top-m shortlist candidate at full fidelity."
    }
  },
  "assertions": {
    "passed": true,
    "checks": {
      "clean_run_converged": true,
      "clean_mass_balance_within_3pct": true,
      "clean_tpr_physical": true,
      "clean_state_admissible": true,
      "rom_has_modes": true,
      "pod_tpr_error_below_loose_bound": true,
      "idw_tpr_error_below_loose_bound": true,
      "bo_best_is_full_verified": true,
      "gp_trained_on_full_only": true,
      "bo_best_tpr_finite": true,
      "combustion_fuel_bounded": true
    }
  }
}
